58.152.93.3,80,,,
58.152.26.245,80,admin,admin,2
58.152.31.148,80,,,
58.152.79.163,80,,,
14.199.15.34,80,,,
58.152.104.207,80,,,
58.152.93.53,80,,,
219.76.186.139,80,,,
61.92.69.192,80,,,
210.5.174.10,80,,,
210.5.177.75,80,,,
220.246.236.202,80,,,
58.177.39.78,80,,,
61.10.60.116,80,,,
119.247.97.199,80,,,
218.103.114.26,80,,,
221.125.62.44,80,,,
183.179.247.203,80,,,
14.198.139.192,80,,,
124.158.202.107,80,admin,admin,2
116.48.135.130,80,,,
223.197.209.21,80,,,
203.132.202.34,80,admin,admin,2
210.6.116.119,80,,,
59.148.75.249,80,,,
1.64.112.113,80,,,
124.244.17.93,80,,,
112.119.112.128,80,,,
58.152.104.183,80,,,
58.152.108.229,80,,,
58.152.98.86,80,,,
58.152.104.80,80,,,
223.197.229.134,80,admin,admin,0
203.186.57.208,80,,,
218.250.197.229,80,,,
203.132.202.47,80,,,
115.160.181.130,80,,,
112.120.87.214,80,,,
101.78.191.174,80,,,
123.202.138.176,80,,,
223.197.207.52,80,,,
58.152.124.12,80,,,
59.152.207.18,80,,,
114.35.145.63,80,,,
118.142.38.78,80,,,
220.133.247.195,80,,,
14.136.69.221,80,,,
180.177.184.17,80,,,
220.132.35.201,80,,,
175.182.226.22,80,,,
123.193.38.134,80,,,
61.238.161.136,80,admin,admin,0
58.177.230.142,80,,,
118.140.120.62,80,,,
59.127.225.252,80,,,
58.177.39.78,80,,,
114.35.60.198,80,,,
119.246.114.22,80,,,
59.127.239.179,80,,,
220.134.153.174,80,,,
123.202.141.80,80,,,
183.178.36.101,80,,,
59.126.144.153,80,,,
59.126.109.89,80,,,
59.124.113.68,80,,,
